country,subnational,gov_domain,page,is_root_page,performance_score,accessibility_score,best_practices_score,seo_score
Hungary,,1000fa.szombathely.hu,https://1000fa.szombathely.hu/,TRUE,0.45,0.87,0.93,0.92
Hungary,,150.budapest.hu,https://150.budapest.hu/,TRUE,0.64,0.97,0.96,0.92
Hungary,,150.budapest.hu,https://150.budapest.hu/esemeny/bubla-eva-lelegzesre-kijelolt-hely-placcc-extra,FALSE,0.86,0.96,0.96,0.85
Hungary,,2010-2014.kormany.hu,https://2010-2014.kormany.hu/,TRUE,0.58,0.52,0.96,1
Hungary,,2010-2014.kormany.hu,https://2010-2014.kormany.hu/en/ministry-for-national-economy/news/the-central-sub-sector-of-the-state-budget-closed-the-month-of-may-with-a-significant-surplus,FALSE,0.39,0.55,0.5,1
Hungary,,2010-2014.kormany.hu,https://2010-2014.kormany.hu/en/prime-minister-s-office/news/prime-minister-central-europe-must-receive-security-guarantees,FALSE,0.66,0.46,0.56,0.92
Hungary,,2015-2019.kormany.hu,https://2015-2019.kormany.hu/,TRUE,0.56,0.52,0.74,0.85
Hungary,,2015-2019.kormany.hu,https://2015-2019.kormany.hu/en/news/from-thursday-hungarians-are-allowed-to-travel-to-romania-without-quarantine-obligation,FALSE,0.43,0.52,0.68,1
Hungary,,2015-2019.kormany.hu,https://2015-2019.kormany.hu/en/the-prime-minister/news/fight-against-coronavirus-epidemic-will-be-the-most-important-topic,FALSE,0.56,0.58,0.96,1
Hungary,,adatvedelem.police.hu,https://adatvedelem.police.hu/,TRUE,0.56,0.8,0.96,0.85
Hungary,,adatvedelem.police.hu,https://adatvedelem.police.hu/hirfolyam/-/blogs/uzemzavar-a-rendorseg-adatvedelmi-p?_com_liferay_blogs_web_portlet_BlogsPortlet_redirect=https%3A%2F%2Fadatvedelem.police.hu%2Fhirfolyam%3Fp_p_id%3Dcom_liferay_blogs_web_portlet_BlogsPortlet%26p_p_lifecycle%3D0%26p_p_state%3Dnormal%26p_p_mode%3Dview%26_com_liferay_blogs_web_portlet_BlogsPortlet_cur%3D1%26_com_liferay_blogs_web_portlet_BlogsPortlet_delta%3D5,FALSE,0.56,0.8,0.96,0.85
Hungary,,adatvedelem.police.hu,https://adatvedelem.police.hu/home?p_p_id=it_smc_liferay_privacy_web_portlet_PrivacyPortlet&p_p_lifecycle=0&p_p_state=maximized&p_p_mode=view&_it_smc_liferay_privacy_web_portlet_PrivacyPortlet_jspPage=%2Fdisplay%2Fview_privacy_policy.jsp,FALSE,0.47,0.87,0.96,0.92
Hungary,,akadalymentes.2015-2019.kormany.hu,https://akadalymentes.2015-2019.kormany.hu/,TRUE,1,0.72,0.78,0.82
Hungary,,akadalymentes.2015-2019.kormany.hu,https://akadalymentes.2015-2019.kormany.hu/en/ministry-for-innovation-and-technology,FALSE,0.95,0.72,0.93,0.82
Hungary,,akadalymentes.2015-2019.kormany.hu,https://akadalymentes.2015-2019.kormany.hu/en/the-prime-minister/news/fight-against-coronavirus-epidemic-will-be-the-most-important-topic,FALSE,0.93,0.67,0.96,0.91
Hungary,,akr.kormany.hu,https://akr.kormany.hu/,TRUE,0.59,0.7,0.56,0.91
Hungary,,akr.kormany.hu,https://akr.kormany.hu/a-szankcios-tv-rendelkezeseinek-ismertetese,FALSE,0.56,0.64,0.56,0.91
Hungary,,alkotmanybirosag.hu,https://alkotmanybirosag.hu/,TRUE,0.74,0.84,0.82,0.77
Hungary,,alkotmanybirosag.hu,https://alkotmanybirosag.hu/kozlemeny/megjelent-az-alkotmanybirosag-hatarozatai-uj-szama/,FALSE,0.71,0.81,0.78,0.62
Hungary,,alkotmanybirosag.hu,https://alkotmanybirosag.hu/kozlemeny/megujultak-az-alkotmanyjogi-panasz-inditvanymintak/,FALSE,0.37,0.81,0.79,0.62
Hungary,,allamhaztartas.kormany.hu,https://allamhaztartas.kormany.hu/,TRUE,0.56,0.59,0.56,0.83
Hungary,,allamhaztartas.kormany.hu,https://allamhaztartas.kormany.hu/abpe-modszertani-es-kepzesi-kozpont,FALSE,0.62,0.57,0.56,0.83
Hungary,,allamhaztartas.kormany.hu,https://allamhaztartas.kormany.hu/jogszabalyok2,FALSE,0.47,0.57,0.5,0.83
Hungary,,archiv.budapest.hu,https://archiv.budapest.hu/,TRUE,0.39,0.77,0.52,0.83
Hungary,,archiv.budapest.hu,https://archiv.budapest.hu/Lapok/2023/elindult-az-uj-budapesthu-beta-verzioja.aspx,FALSE,0.53,0.86,0.71,0.75
Hungary,,archiv.budapest.hu,https://archiv.budapest.hu/Lapok/2024/megszuntette-a-budapesti-arvizvedelmi-keszultseget-a-fopolgarmester.aspx,FALSE,0.7,0.84,0.78,0.83
Hungary,,archive2.szinhaz.szeged.hu,https://archive2.szinhaz.szeged.hu/,TRUE,0.26,0.66,0.75,0.92
Hungary,,archive2.szinhaz.szeged.hu,https://archive2.szinhaz.szeged.hu/szindarab/25668/,FALSE,0.65,0.7,0.75,0.92
Hungary,,aszp.mnb.hu,https://aszp.mnb.hu/,TRUE,0.98,0.88,0.81,0.91
Hungary,,aszp.mnb.hu,https://aszp.mnb.hu/nyito/adatszolgaltatasi-kotelezettseg/adatszolgaltatas-lista,FALSE,0.75,0.93,0.81,0.91
Hungary,,bankszamlavalaszto.mnb.hu,https://bankszamlavalaszto.mnb.hu/,TRUE,0.84,0.78,1,0.9
Hungary,,bankszamlavalaszto.mnb.hu,https://bankszamlavalaszto.mnb.hu/kalkulator,FALSE,0.54,0.8,0.74,0.91
Hungary,,bekescsaba.hu,https://bekescsaba.hu/,TRUE,0.6,0.91,1,1
Hungary,,bekescsaba.hu,https://bekescsaba.hu/onkormanyzat,FALSE,0.61,0.84,0.96,1
Hungary,,birosag.hu,https://birosag.hu/,TRUE,0.65,0.85,1,0.77
Hungary,,birosag.hu,https://birosag.hu/hirek/kategoria/birosagokrol/elfogadta-az-orszaggyules-az-orszagos-birosagi-hivatal-obh-elnokenek-2022-es-2023-evi-beszamolojat,FALSE,0.79,0.83,1,0.85
Hungary,,bmprojektek.kormany.hu,https://bmprojektek.kormany.hu/,TRUE,0.63,0.62,0.56,0.83
Hungary,,bmprojektek.kormany.hu,https://bmprojektek.kormany.hu/index,FALSE,0.63,0.62,0.56,0.83
Hungary,,boraszat.kormany.hu,https://boraszat.kormany.hu/,TRUE,0.6,0.64,0.52,0.83
Hungary,,boraszat.kormany.hu,https://boraszat.kormany.hu/epince,FALSE,0.58,0.57,0.52,0.83
Hungary,,brexit.kormany.hu,https://brexit.kormany.hu/,TRUE,0.67,0.59,0.52,0.83
Hungary,,brexit.kormany.hu,https://brexit.kormany.hu/index,FALSE,0.62,0.59,0.56,0.83
Hungary,,budapest.hu,https://budapest.hu/,TRUE,0.59,0.9,0.96,0.85
Hungary,,budapest.hu,https://budapest.hu/europai-unios-projektek,FALSE,0.77,0.95,0.96,0.92
Hungary,,ceginformaciosszolgalat.kormany.hu,https://ceginformaciosszolgalat.kormany.hu/,TRUE,0.59,0.56,0.56,0.83
Hungary,,ceginformaciosszolgalat.kormany.hu,https://ceginformaciosszolgalat.kormany.hu/fizeteskeptelensegi-nyilvantartas,FALSE,0.58,0.47,0.52,0.83
Hungary,,coospace-obh.birosag.hu,https://coospace-obh.birosag.hu/,TRUE,0.73,0.8,1,0.82
Hungary,,cyberpress.sopron.hu,http://cyberpress.sopron.hu/,TRUE,0.73,0.54,0.59,0.82
Hungary,,cyberpress.sopron.hu,http://cyberpress.sopron.hu/zone.php?id=14,FALSE,0.9,0.52,0.59,0.82
Hungary,,dif.debrecen.hu,https://dif.debrecen.hu/,TRUE,0.58,0.91,0.93,1
Hungary,,dif.debrecen.hu,https://dif.debrecen.hu/kapcsolat,FALSE,0.56,0.88,0.93,1
Hungary,,dif.debrecen.hu,https://dif.debrecen.hu/kapcsolat/,FALSE,0.49,0.89,0.93,0.92
Hungary,,digitalismegujulas.kormany.hu,https://digitalismegujulas.kormany.hu/,TRUE,0.7,0.54,0.56,0.83
Hungary,,digitalismegujulas.kormany.hu,https://digitalismegujulas.kormany.hu/kofop,FALSE,0.66,0.54,0.56,0.83
Hungary,,dontobizottsag.kozbeszerzes.hu,https://dontobizottsag.kozbeszerzes.hu/,TRUE,0.91,1,1,0.82
Hungary,,dontobizottsag.kozbeszerzes.hu,https://dontobizottsag.kozbeszerzes.hu/dontobizottsagi-hatarozatok/,FALSE,0.7,1,1,0.8
Hungary,,eakta.birosag.hu,https://eakta.birosag.hu/,TRUE,0.86,0.9,1,0.82
Hungary,,eakta.birosag.hu,https://eakta.birosag.hu/eljaras-idotartam-kalkulator,FALSE,0.85,0.87,1,0.82
Hungary,,edc.debrecen.hu,https://edc.debrecen.hu/,TRUE,0.62,0.91,0.96,1
Hungary,,edc.debrecen.hu,https://edc.debrecen.hu/kapcsolat,FALSE,0.54,0.84,0.96,1
Hungary,,edc.debrecen.hu,https://edc.debrecen.hu/kapcsolat/,FALSE,0.51,0.85,0.96,0.92
Hungary,,efop.kormany.hu,https://efop.kormany.hu/,TRUE,0.61,0.5,0.56,0.83
Hungary,,efop.kormany.hu,https://efop.kormany.hu/index,FALSE,0.61,0.5,0.56,0.83
Hungary,,efop.kormany.hu,https://efop.kormany.hu/uttoro-skill-laborhalozat-a-betegellatas-fejleszteseert,FALSE,0.47,0.5,0.5,0.83
Hungary,,einfoszab.budapest.hu,https://einfoszab.budapest.hu/,TRUE,0.78,0.98,1,0.91
Hungary,,eionet.kormany.hu,https://eionet.kormany.hu/,TRUE,0.66,0.67,0.56,0.83
Hungary,,eionet.kormany.hu,https://eionet.kormany.hu/index,FALSE,0.63,0.67,0.56,0.83
Hungary,,ekozigazgatas.magyarorszag.hu,https://ekozigazgatas.magyarorszag.hu/,TRUE,0.31,0.92,0.75,1
Hungary,,elelmiszerlanc.kormany.hu,https://elelmiszerlanc.kormany.hu/,TRUE,0.55,0.5,0.52,0.83
Hungary,,elelmiszerlanc.kormany.hu,https://elelmiszerlanc.kormany.hu/elelmiszerek-jelolese,FALSE,0.41,0.5,0.5,0.83
Hungary,,elelmiszerlanc.kormany.hu,https://elelmiszerlanc.kormany.hu/magyar-elelmiszerkonyv,FALSE,0.56,0.5,0.56,0.83
Hungary,,emberijogok.kormany.hu,https://emberijogok.kormany.hu/,TRUE,0.57,0.56,0.52,0.83
Hungary,,emberijogok.kormany.hu,https://emberijogok.kormany.hu/egyuttes-ulest-tartottak-az-emberi-jogi-kerekasztal-tagjai-galeria,FALSE,0.56,0.47,0.56,0.83
Hungary,,emberijogok.kormany.hu,https://emberijogok.kormany.hu/magyarorszag-es-az-ensz-egyetemes-idoszakos-emberi-jogi-felulvizsgalata,FALSE,0.42,0.56,0.5,0.83
Hungary,,emh.kormany.hu,https://emh.kormany.hu/,TRUE,0.6,0.84,0.74,0.91
Hungary,,emh.kormany.hu,https://emh.kormany.hu/varosok,FALSE,0.59,0.92,0.74,0.91
Hungary,,ensz.kormany.hu,https://ensz.kormany.hu/,TRUE,0.66,0.53,0.52,0.83
Hungary,,ensz.kormany.hu,https://ensz.kormany.hu/not-a-woman-s-job-fotokiallitas,FALSE,0.62,0.59,0.56,0.83
Hungary,,eotvos.sopron.hu,https://eotvos.sopron.hu/,TRUE,0.77,0.92,1,1
Hungary,,eotvos.sopron.hu,https://eotvos.sopron.hu/felvetelizo-vagyok,FALSE,0.4,0.96,1,0.92
Hungary,,eotvos.sopron.hu,https://eotvos.sopron.hu/hirek/2025-06-26-zold-vilagnapok-a-projektmunka-tukreben,FALSE,0.86,0.9,1,0.92
Hungary,,era.mnb.hu,https://era.mnb.hu/,TRUE,0.86,0.86,0.78,0.83
Hungary,,era.mnb.hu,https://era.mnb.hu/ERA.WEB/Home/GetArticlePartial?friendlyName=CookieInformationArticleHU,FALSE,0.97,0.64,0.89,0.82
Hungary,,era.mnb.hu,https://era.mnb.hu/ERA.WEB/contents/tajekoztatas_karbantartas_vege_20250416,FALSE,0.58,0.85,0.78,0.83
Hungary,,ertektar.kecskemet.hu,https://ertektar.kecskemet.hu/,TRUE,0.64,0.76,1,0.91
Hungary,,ertektar.kecskemet.hu,https://ertektar.kecskemet.hu/entries/47,FALSE,0.86,0.68,0.96,0.82
Hungary,,ertesitoplusz.kozbeszerzes.hu,https://ertesitoplusz.kozbeszerzes.hu/,TRUE,0.71,0.81,0.82,0.83
Hungary,,ertesitoplusz.kozbeszerzes.hu,https://ertesitoplusz.kozbeszerzes.hu/szam/v-vii/a-kizarolagos-jogra-alapitott-hirdetmeny-nelkuli-targyalasos-kozbeszerzesi-eljaras-elhallgatott-de-odagondolt-feltetele-az-europai-unio-birosaganak-c57823-szamu-iteletenek-tukreben/,FALSE,0.89,0.8,0.81,0.82
Hungary,,ertesitoplusz.kozbeszerzes.hu,https://ertesitoplusz.kozbeszerzes.hu/szam/v-vii/szerkesztobizottsagi-koszonto-majus-vii/,FALSE,0.66,0.7,0.82,0.82
Hungary,,eszlaweb.mnb.hu,https://eszlaweb.mnb.hu/,TRUE,0.67,0.87,0.78,0.82
Hungary,,eszlaweb.mnb.hu,https://eszlaweb.mnb.hu/Login/TermsAndConditions,FALSE,0.71,0.82,0.96,0.82
Hungary,,fay.sopron.hu,https://fay.sopron.hu/,TRUE,0.31,0.95,0.96,0.92
Hungary,,fay.sopron.hu,https://fay.sopron.hu/hirek/elismeres,FALSE,0.33,0.95,1,1
Hungary,,fenyoter.sopron.hu,http://fenyoter.sopron.hu/,TRUE,0.63,0.55,0.55,0.92
Hungary,,fenyoter.sopron.hu,http://fenyoter.sopron.hu/2025/07/nemet-nyelvi-nyari-tabor-1-2-osztalyosoknak/,FALSE,0.58,0.73,0.55,0.92
Hungary,,fiokesatmkereso.mnb.hu,https://fiokesatmkereso.mnb.hu/,TRUE,0.39,0.77,0.71,0.83
Hungary,,fizetes.birosag.hu,https://fizetes.birosag.hu/,TRUE,0.9,1,1,0.75
Hungary,,fizetes.birosag.hu,https://fizetes.birosag.hu/jelszo-emlekezteto-kerese,FALSE,0.94,1,1,0.75
Hungary,,fizetes.birosag.hu,https://fizetes.birosag.hu/regisztracio-maganszemelykent,FALSE,0.92,1,1,0.75
Hungary,,gellert.szeged.hu,https://gellert.szeged.hu/,TRUE,0.42,0.8,1,0.92
Hungary,,gellert.szeged.hu,https://gellert.szeged.hu/palyazatok/,FALSE,0.55,0.8,1,0.92
Hungary,,geoportal.budapest.hu,https://geoportal.budapest.hu/,TRUE,0.75,0.89,0.96,0.73
Hungary,,geoportal.budapest.hu,https://geoportal.budapest.hu/terkep-galeria/index.htm,FALSE,0.63,0.8,0.93,0.73
Hungary,,gmo.kormany.hu,https://gmo.kormany.hu/,TRUE,0.59,0.56,0.48,0.83
Hungary,,gmo.kormany.hu,https://gmo.kormany.hu/kozzetetel,FALSE,0.57,0.57,0.56,0.83
Hungary,,gov.pecs.hu,https://gov.pecs.hu/,TRUE,0.69,0.96,0.74,0.58
Hungary,,gov.pecs.hu,https://gov.pecs.hu/register/newsDetail/653,FALSE,0.6,0.96,0.68,0.58
Hungary,,gov.pecs.hu,https://gov.pecs.hu/register/newsDetail/656,FALSE,0.71,0.96,0.74,0.58
Hungary,,gyerebusz.nyiregyhaza.hu,https://gyerebusz.nyiregyhaza.hu/,TRUE,0.95,0.96,1,1
Hungary,,gyerebusz.nyiregyhaza.hu,https://gyerebusz.nyiregyhaza.hu/auth/signin,FALSE,0.96,1,1,1
Hungary,,gyor.hu,https://gyor.hu/,TRUE,0.31,0.96,1,0.85
Hungary,,gyor.hu,https://gyor.hu/kategoria/sport-hirek/,FALSE,0.33,0.92,1,0.85
Hungary,,gyor.hu,https://gyor.hu/palyazati-felhivas-19/,FALSE,0.57,0.96,1,0.85
Hungary,,halaszat.kormany.hu,https://halaszat.kormany.hu/,TRUE,0.62,0.69,0.52,0.83
Hungary,,halaszat.kormany.hu,https://halaszat.kormany.hu/mahop-plusz-3-1-1-2024,FALSE,0.56,0.64,0.56,0.83
Hungary,,halaszat.kormany.hu,https://halaszat.kormany.hu/ts-tajekoztatasi-kotelezettseg,FALSE,0.45,0.64,0.5,0.83
Hungary,,hatartalangazda.kormany.hu,https://hatartalangazda.kormany.hu/,TRUE,0.59,0.47,0.56,0.83
Hungary,,hatartalangazda.kormany.hu,https://hatartalangazda.kormany.hu/a-kincses-pince-vandor-borfesztivalnak-iden-vajdasag-adott-otthont,FALSE,0.58,0.4,0.56,0.83
Hungary,,help.budapest.hu,https://help.budapest.hu/,TRUE,0.62,0.97,0.79,0.85
Hungary,,help.budapest.hu,https://help.budapest.hu/uk/,FALSE,0.7,0.97,0.79,0.85
Hungary,,hitelintezetiszemle.mnb.hu,https://hitelintezetiszemle.mnb.hu/,TRUE,0.74,0.62,0.78,0.91
Hungary,,hitelintezetiszemle.mnb.hu,https://hitelintezetiszemle.mnb.hu/hitelintezeti-szemle,FALSE,0.69,0.62,0.74,0.91
Hungary,,hm.hatosagihivatal.kormany.hu,https://hm.hatosagihivatal.kormany.hu/,TRUE,0.7,0.5,0.56,0.83
Hungary,,hm.hatosagihivatal.kormany.hu,https://hm.hatosagihivatal.kormany.hu/?_preview=0e2a696c-ef0e-cca9-fb6b-00005190e1fc,FALSE,0.56,0.47,0.56,0.83
Hungary,,hungarikum.kormany.hu,https://hungarikum.kormany.hu/,TRUE,0.72,0.57,0.56,0.83
Hungary,,hungarikum.kormany.hu,https://hungarikum.kormany.hu/index,FALSE,0.63,0.57,0.52,0.83
Hungary,,hunyadi.sopron.hu,http://hunyadi.sopron.hu/,TRUE,0.72,0.8,0.75,1
Hungary,,hunyadi.sopron.hu,http://hunyadi.sopron.hu/?nyelv=hu&he=suli,FALSE,0.61,0.73,0.71,1
Hungary,,idopont.debrecen.hu,https://idopont.debrecen.hu/,TRUE,0.76,0.85,1,0.75
Hungary,,idopont.debrecen.hu,https://idopont.debrecen.hu/en/account/register,FALSE,0.75,0.8,1,0.75
Hungary,,idopontfoglalas.nyiregyhaza.hu,http://idopontfoglalas.nyiregyhaza.hu/,TRUE,,0.55,0.62,0.9
Hungary,,igazsagugyiinformaciok.kormany.hu,https://igazsagugyiinformaciok.kormany.hu/,TRUE,0.66,0.74,0.56,0.92
Hungary,,igazsagugyiinformaciok.kormany.hu,https://igazsagugyiinformaciok.kormany.hu/elektronikus-alairasra-es-az-elektronikus-belyegzo-hasznalatara-jogosult-munkatarsak-nyilvanos-adatait-tartalmazo-nyilvantartas,FALSE,0.68,0.71,0.56,0.91
Hungary,,intezmenykereso.mnb.hu,https://intezmenykereso.mnb.hu/,TRUE,0.59,0.88,0.75,0.91
Hungary,,intezmenykereso.mnb.hu,https://intezmenykereso.mnb.hu/SpecialData?name=eu_fedezet_premium_kotveny_logo,FALSE,0.43,0.81,0.74,0.9
Hungary,,intezmenykereso.mnb.hu,https://intezmenykereso.mnb.hu/SpecialData?name=hataronatnyulo_magyar_penzforg_epk,FALSE,0.17,0.93,0.75,0.9
Hungary,,isd.debrecen.hu,https://isd.debrecen.hu/,TRUE,0.56,0.74,0.81,0.85
Hungary,,juniorvaroskartya.debrecen.hu,https://juniorvaroskartya.debrecen.hu/,TRUE,0.12,0.91,0.93,0.92
Hungary,,juniorvaroskartya.debrecen.hu,https://juniorvaroskartya.debrecen.hu/elfogado-partnerek/sport,FALSE,0.15,0.91,0.93,0.92
Hungary,,kapcsolat.ksh.hu,https://kapcsolat.ksh.hu/,TRUE,0.98,0.83,0.89,0.91
Hungary,,kapcsolat.ksh.hu,https://kapcsolat.ksh.hu/console,FALSE,0.94,0.78,0.89,0.91
Hungary,,karitativtanacs.kormany.hu,https://karitativtanacs.kormany.hu/,TRUE,0.59,0.57,0.56,0.83
Hungary,,karitativtanacs.kormany.hu,https://karitativtanacs.kormany.hu/index,FALSE,0.63,0.57,0.56,0.83
Hungary,,karrier.police.hu,https://karrier.police.hu/,TRUE,0.54,0.71,0.82,0.91
Hungary,,karrier.police.hu,https://karrier.police.hu/dokumentumtar,FALSE,0.41,0.77,0.82,0.91
Hungary,,karrier.police.hu,https://karrier.police.hu/kepzeseink,FALSE,0.56,0.84,0.78,0.92
Hungary,,kartya.kaposvar.hu,https://kartya.kaposvar.hu/,TRUE,,0.81,0.75,0.77
Hungary,,kartya.kaposvar.hu,https://kartya.kaposvar.hu/hu/elfogadohely-adatai/katica-tanya-elmenykozpont,FALSE,0.29,0.83,0.96,0.92
Hungary,,kba.kozbeszerzes.hu,https://kba.kozbeszerzes.hu/,TRUE,0.66,0.53,0.89,0.73
Hungary,,kbr.szombathely.hu,https://kbr.szombathely.hu/,TRUE,0.82,0.92,1,0.82
Hungary,,kbr.szombathely.hu,https://kbr.szombathely.hu/bejelentkezes/,FALSE,0.63,0.96,1,0.9
Hungary,,kbr.szombathely.hu,https://kbr.szombathely.hu/ekozgyules/,FALSE,0.73,0.96,1,0.9
Hungary,,kdtnova.police.hu,https://kdtnova.police.hu/,TRUE,1,0.83,0.89,0.9
Hungary,,kecskemet.hu,https://kecskemet.hu/,TRUE,0.67,0.93,0.96,1
Hungary,,kecskemet.hu,https://kecskemet.hu/varosunk,FALSE,0.72,0.89,0.96,0.92
Hungary,,kehi.kormany.hu,https://kehi.kormany.hu/,TRUE,0.65,0.59,0.56,0.83
Hungary,,kehi.kormany.hu,https://kehi.kormany.hu/index,FALSE,0.62,0.59,0.56,0.83
Hungary,,kereso-core.kozbeszerzes.hu,https://kereso-core.kozbeszerzes.hu/,TRUE,0.74,0.81,1,0.92
Hungary,,kereso-core.kozbeszerzes.hu,https://kereso-core.kozbeszerzes.hu/kereses/kozbeszerzes/egyszeru/,FALSE,0.82,0.75,1,0.92
Hungary,,kereso-core.kozbeszerzes.hu,https://kereso-core.kozbeszerzes.hu/kereses/kozbeszerzes/osszetett/,FALSE,0.64,0.76,1,0.92
Hungary,,kiralyinapok.szekesfehervar.hu,https://kiralyinapok.szekesfehervar.hu/,TRUE,0.42,0.77,0.96,0.83
Hungary,,kiralyinapok.szekesfehervar.hu,https://kiralyinapok.szekesfehervar.hu/jegyvasarlas,FALSE,0.42,0.78,0.96,0.91
Hungary,,konyvtar.parlament.hu,https://konyvtar.parlament.hu/,TRUE,0.44,0.83,1,0.85
Hungary,,konyvtar.parlament.hu,https://konyvtar.parlament.hu/web/orszaggyulesi-konyvtar,FALSE,0.49,0.81,1,0.77
Hungary,,kormany.hu,https://kormany.hu/,TRUE,0.53,0.71,0.93,0.83
Hungary,,kormany.hu,https://kormany.hu/hirek/nem-lehet-eu-tag-egy-orszag-ahol-embereket-vernek-agyon-kenyszersorozason,FALSE,0.59,0.67,0.96,0.83
Hungary,,korrupciomegelozes.kormany.hu,https://korrupciomegelozes.kormany.hu/,TRUE,0.67,0.53,0.56,0.83
Hungary,,korrupciomegelozes.kormany.hu,https://korrupciomegelozes.kormany.hu/a-nemzeti-vedelmi-szolgalat-is-reszt-vett-az-epac-es-az-osztrak-szovetsegi-korrupcioellenes-hivatal-bak-europai-projektjeben,FALSE,0.6,0.47,0.56,0.83
Hungary,,kozbeszerzes.hu,https://kozbeszerzes.hu/,TRUE,0.67,1,1,0.83
Hungary,,kozbeszerzes.hu,https://kozbeszerzes.hu/hirek/terheleses-tamadas-miatt-feljelentest-tesz-a-hatosag/,FALSE,0.9,0.97,1,0.83
Hungary,,kozbeszerzes.hu,https://kozbeszerzes.hu/hirek/uj-birosagi-dontes-muszaki-szakmai-alkalmassagi-kovetelmeny-igazolasara-bemutatott-szakember-kapcsan/,FALSE,0.78,1,1,0.8
Hungary,,kozfoglalkoztatas.kormany.hu,https://kozfoglalkoztatas.kormany.hu/,TRUE,0.61,0.4,0.56,0.83
Hungary,,kozfoglalkoztatas.kormany.hu,https://kozfoglalkoztatas.kormany.hu/tajekoztato-a-kozfoglalkoztatas-alakulasarol-2025-majus,FALSE,0.59,0.44,0.56,0.83
Hungary,,kozgyules.nyiregyhaza.hu,https://kozgyules.nyiregyhaza.hu/,TRUE,0.67,0.95,1,0.92
Hungary,,kozgyules.nyiregyhaza.hu,https://kozgyules.nyiregyhaza.hu/kozgyules,FALSE,0.69,0.96,1,0.92
Hungary,,kozzetetelek.mnb.hu,https://kozzetetelek.mnb.hu/,TRUE,0.81,0.69,0.93,0.83
Hungary,,kozzetetelek.mnb.hu,https://kozzetetelek.mnb.hu/penztarak/beszamolo,FALSE,0.86,0.64,0.93,0.83
Hungary,,kph.kaposvar.hu,https://kph.kaposvar.hu/,TRUE,0.99,0.57,0.93,0.82
Hungary,,kph.kaposvar.hu,https://kph.kaposvar.hu/eloterjesztesek/et20250527hno,FALSE,0.92,0.73,0.89,0.91
Hungary,,kph.kaposvar.hu,https://kph.kaposvar.hu/eloterjesztesek/et20250527rno,FALSE,0.98,0.73,0.82,0.91
Hungary,,krudy.gyor.hu,https://krudy.gyor.hu/,TRUE,0.67,0.95,0.96,0.92
Hungary,,krudy.gyor.hu,https://krudy.gyor.hu/hirek/beiratkozas,FALSE,0.35,0.95,1,1
Hungary,,krudy.gyor.hu,https://krudy.gyor.hu/kozerdeku,FALSE,0.74,0.95,1,1
Hungary,,lakaslicit.szekesfehervar.hu,https://lakaslicit.szekesfehervar.hu/,TRUE,0.84,0.59,0.93,0.92
Hungary,,lakaslicit.szekesfehervar.hu,https://lakaslicit.szekesfehervar.hu/auction/show/8285,FALSE,0.89,0.6,0.93,0.92
Hungary,,lakogyules.budapest.hu,https://lakogyules.budapest.hu/,TRUE,0.65,0.97,0.96,0.85
Hungary,,lakogyules.budapest.hu,https://lakogyules.budapest.hu/1-parkvaros-vagy-mini-dubaj,FALSE,0.35,0.92,0.93,0.85
Hungary,,lakogyules.budapest.hu,https://lakogyules.budapest.hu/mi-a-lakogyules,FALSE,0.71,0.91,0.96,0.85
Hungary,,m.onkormanyzat.gyor.hu,http://m.onkormanyzat.gyor.hu/,TRUE,0.86,0.62,0.76,0.83
Hungary,,m.onkormanyzat.gyor.hu,http://m.onkormanyzat.gyor.hu/cikk/ne_hagyjak_el_otthonukat_a_70_even_feluliek.html,FALSE,0.86,0.62,0.76,0.92
Hungary,,magyarorszag.hu,https://magyarorszag.hu/,TRUE,0.32,0.92,0.81,1
Hungary,,map.ksh.hu,https://map.ksh.hu/,TRUE,0.33,0.69,0.81,0.73
Hungary,,marcius15.kormany.hu,https://marcius15.kormany.hu/,TRUE,0.48,0.6,0.74,0.83
Hungary,,marcius15.kormany.hu,https://marcius15.kormany.hu/az-unneprol,FALSE,0.56,0.61,0.74,0.83
Hungary,,marcius15.kormany.hu,https://marcius15.kormany.hu/diakoknak-1848-49-rol,FALSE,0.31,0.61,0.68,0.83
Hungary,,menetrend.kecskemet.hu,https://menetrend.kecskemet.hu/,TRUE,0.67,0.69,0.96,0.73
Hungary,,menetrend.kecskemet.hu,https://menetrend.kecskemet.hu/app/schedules/tracks,FALSE,0.66,0.69,0.96,0.73
Hungary,,minositetthitel.mnb.hu,https://minositetthitel.mnb.hu/,TRUE,0.83,0.79,1,0.9
Hungary,,miskolc.hu,https://miskolc.hu/,TRUE,0.29,0.9,0.75,0.85
Hungary,,miskolc.hu,https://miskolc.hu/aktualis,FALSE,0.39,0.81,1,0.77
Hungary,,miskolc.hu,https://miskolc.hu/varoshaza/ugyintezes,FALSE,0.62,0.9,1,0.85
Hungary,,mnbpoll.mnb.hu,https://mnbpoll.mnb.hu/,TRUE,1,0.84,0.93,0.9
Hungary,,nemzetiklimavedelmihatosag.kormany.hu,https://nemzetiklimavedelmihatosag.kormany.hu/,TRUE,0.75,0.84,0.89,0.83
Hungary,,nemzetiklimavedelmihatosag.kormany.hu,https://nemzetiklimavedelmihatosag.kormany.hu/v2/account/pre/company,FALSE,0.62,0.92,1,0.91
Hungary,,nemzetiklimavedelmihatosag.kormany.hu,https://nemzetiklimavedelmihatosag.kormany.hu/v2/account/pre/person,FALSE,0.74,0.88,1,0.91
Hungary,,nepszamlalas2022.ksh.hu,https://nepszamlalas2022.ksh.hu/eredmenyek/statikus-tablak,FALSE,0.86,0.98,1,1
Hungary,,ngmszakmaiteruletek.kormany.hu,https://ngmszakmaiteruletek.kormany.hu/,TRUE,0.64,0.57,0.56,0.83
Hungary,,ngmszakmaiteruletek.kormany.hu,https://ngmszakmaiteruletek.kormany.hu/index,FALSE,0.64,0.57,0.56,0.83
Hungary,,nkoh.kormany.hu,https://nkoh.kormany.hu/,TRUE,0.6,0.57,0.56,0.83
Hungary,,nkoh.kormany.hu,https://nkoh.kormany.hu/szervezet-elerhetosegek,FALSE,0.74,0.59,0.56,0.83
Hungary,,nkvh.kormany.hu,https://nkvh.kormany.hu/,TRUE,0.58,0.53,0.56,0.83
Hungary,,nkvh.kormany.hu,https://nkvh.kormany.hu/tajekoztatas-az-eu-ets-szerinti-nemzeti-legikozlekedesi-kiosztasi-tablaban-a-2021-2030-kozotti-idoszakra-meghatarozott-teritesmentes-kibocsatasiegyseg-mennyisegek-hivatalos-ertesitoben-valo-kozzetetelerol,FALSE,0.59,0.56,0.56,0.83
Hungary,,okokalk.mnb.hu,https://okokalk.mnb.hu/,TRUE,,0.49,0.79,0.8
Hungary,,oktober23.kormany.hu,https://oktober23.kormany.hu/,TRUE,0.63,0.76,0.7,0.83
Hungary,,oktober23.kormany.hu,https://oktober23.kormany.hu/1956-tortenelmi-esemenyei-2016,FALSE,0.6,0.89,0.74,0.91
Hungary,,onkormanyzat.eger.hu,https://onkormanyzat.eger.hu/,TRUE,0.74,1,1,1
Hungary,,onkormanyzat.eger.hu,https://onkormanyzat.eger.hu/hu/hirek/vezeto-hirek/c/dobban-a-nyar-egerben-zenevel-borral-gardonyival,FALSE,0.8,1,0.75,0.83
Hungary,,onkormanyzat.eger.hu,https://onkormanyzat.eger.hu/hu/varos/fejlesztesi-projektek,FALSE,0.92,0.92,0.96,0.73
Hungary,,onkormanyzat.gyor.hu,http://onkormanyzat.gyor.hu/,TRUE,0.61,0.61,0.54,0.83
Hungary,,onkormanyzat.gyor.hu,http://onkormanyzat.gyor.hu/cikk/ne_hagyjak_el_otthonukat_a_70_even_feluliek.html,FALSE,0.62,0.61,0.54,0.92
Hungary,,oroksegvedelem.kormany.hu,https://oroksegvedelem.kormany.hu/,TRUE,0.58,0.57,0.56,0.83
Hungary,,oroksegvedelem.kormany.hu,https://oroksegvedelem.kormany.hu/index,FALSE,0.72,0.57,0.56,0.83
Hungary,,orszaghazkonyvkiado.parlament.hu,https://orszaghazkonyvkiado.parlament.hu/,TRUE,0.31,0.73,0.78,0.77
Hungary,,orszaghazkonyvkiado.parlament.hu,https://orszaghazkonyvkiado.parlament.hu/nyito-oldal/-/asset_publisher/uPmQ1HSnbWJH/content/az-orsz%C3%A1gh%C3%A1z-k%C3%B6nyvkiad%C3%B3-a-budapesti-nemzetk%C3%B6zi-k%C3%B6nyvfesztiv%C3%A1lon?p_r_p_assetEntryId=66514515&_com_liferay_asset_publisher_web_portlet_AssetPublisherPortlet_INSTANCE_uPmQ1HSnbWJH_redirect=https%3A%2F%2Forszaghazkonyvkiado.parlament.hu%3A443%2Fnyito-oldal%3Fp_p_id%3Dcom_liferay_asset_publisher_web_portlet_AssetPublisherPortlet_INSTANCE_uPmQ1HSnbWJH%26p_p_lifecycle%3D0%26p_p_state%3Dnormal%26p_p_mode%3Dview%26p_r_p_assetEntryId%3D66514515%26_com_liferay_asset_publisher_web_portlet_AssetPublisherPortlet_INSTANCE_uPmQ1HSnbWJH_cur%3D0%26p_r_p_resetCur%3Dfalse,FALSE,0.39,0.72,0.78,0.85
Hungary,,otlet.budapest.hu,https://otlet.budapest.hu/,TRUE,0.86,0.91,0.96,0.92
Hungary,,otlet.budapest.hu,https://otlet.budapest.hu/hirek,FALSE,0.56,0.84,1,0.92
Hungary,,otlet.budapest.hu,https://otlet.budapest.hu/projektek/592,FALSE,0.77,0.95,1,0.92
Hungary,,otthon.kaposvar.hu,https://otthon.kaposvar.hu/,TRUE,0.59,0.95,1,0.92
Hungary,,otthon.kaposvar.hu,https://otthon.kaposvar.hu/en,FALSE,0.58,0.95,1,0.92
Hungary,,pad.mnb.hu,https://pad.mnb.hu/,TRUE,0.61,0.66,0.96,0.82
Hungary,,paktum.sopron.hu,http://paktum.sopron.hu/,TRUE,0.27,0.9,0.76,0.92
Hungary,,paktum.sopron.hu,http://paktum.sopron.hu/index.php/allaskeresoknek/,FALSE,0.5,0.92,0.72,0.92
Hungary,,parkolas.tatabanya.hu,https://parkolas.tatabanya.hu/,TRUE,0.59,0.9,0.96,0.75
Hungary,,parkolas.tatabanya.hu,https://parkolas.tatabanya.hu/bejelentkezes,FALSE,0.73,0.94,1,0.75
Hungary,,pecs.hu,https://pecs.hu/,TRUE,0.44,0.79,1,0.92
Hungary,,pecs.hu,https://pecs.hu/orvos-kereso,FALSE,0.58,0.85,1,1
Hungary,,penzugyiszakkepzes.kormany.hu,https://penzugyiszakkepzes.kormany.hu/,TRUE,0.63,0.59,0.7,0.5
Hungary,,penzugyiszakkepzes.kormany.hu,https://penzugyiszakkepzes.kormany.hu/adoszakertok-adotanacsadok-es-okleveles-adoszakertok,FALSE,0.43,0.57,0.68,0.5
Hungary,,penzugyiszakkepzes.kormany.hu,https://penzugyiszakkepzes.kormany.hu/tajekoztatok-2025-majus,FALSE,0.62,0.57,0.74,0.5
Hungary,,petz.gyor.hu,https://petz.gyor.hu/,TRUE,0.82,0.91,1,0.85
Hungary,,petz.gyor.hu,https://petz.gyor.hu/node/269,FALSE,0.74,0.95,0.96,1
Hungary,,petz.gyor.hu,https://petz.gyor.hu/osztaly-rendeles-kereso,FALSE,0.92,0.92,1,0.92
Hungary,,portal.sopron.hu,http://portal.sopron.hu/,TRUE,0.54,0.5,0.75,0.91
Hungary,,programajanlo.miskolc.hu,https://programajanlo.miskolc.hu/,TRUE,0.69,0.91,1,0.82
Hungary,,programajanlo.miskolc.hu,https://programajanlo.miskolc.hu/home,FALSE,0.69,0.91,1,0.82
Hungary,,rdt.budapest.hu,https://rdt.budapest.hu/,TRUE,0.64,0.79,1,0.75
Hungary,,rdt.budapest.hu,https://rdt.budapest.hu/dialogs,FALSE,0.26,0.83,0.96,0.75
Hungary,,rdt.budapest.hu,https://rdt.budapest.hu/dialogs?map_disabled=true,FALSE,0.71,0.81,1,0.75
Hungary,,regjunior.debrecen.hu,https://regjunior.debrecen.hu/,TRUE,0.55,0.82,0.93,0.82
Hungary,,regreenx.szeged.hu,https://regreenx.szeged.hu/,TRUE,0.59,0.95,1,0.91
Hungary,,rmbbudapest.mnb.hu,https://rmbbudapest.mnb.hu/,TRUE,0.81,0.76,0.75,0.83
Hungary,,rmbbudapest.mnb.hu,https://rmbbudapest.mnb.hu/conferences,FALSE,0.86,0.76,0.74,0.83
Hungary,,rmbbudapest.mnb.hu,https://rmbbudapest.mnb.hu/rmb-centers-in-europe,FALSE,0.66,0.76,0.75,0.83
Hungary,,space.kormany.hu,https://space.kormany.hu/,TRUE,0.62,0.53,0.56,0.83
Hungary,,space.kormany.hu,https://space.kormany.hu/megjelent-a-hazai-urkorkep-2023-2024-kiadvany,FALSE,0.45,0.5,0.5,0.83
Hungary,,space.kormany.hu,https://space.kormany.hu/palyazati-felhivas,FALSE,0.66,0.53,0.56,0.83
Hungary,,spg.mnb.hu,https://spg.mnb.hu/,TRUE,0.98,0.83,0.96,0.91
Hungary,,spg.mnb.hu,https://spg.mnb.hu/console,FALSE,0.98,0.84,0.96,0.91
Hungary,,statinfo.ksh.hu,https://statinfo.ksh.hu/,TRUE,0.65,0.87,0.7,0.66
Hungary,,statinfo.ksh.hu,https://statinfo.ksh.hu/Statinfo/themeSelector.jsp?&lang=en,FALSE,0.94,0.87,0.7,0.92
Hungary,,statisztika.mnb.hu,https://statisztika.mnb.hu/,TRUE,0.75,0.89,0.79,0.91
Hungary,,statisztika.mnb.hu,https://statisztika.mnb.hu/hirek/megjelentek-a-2025_-majus-havi-fizetesimerleg-statisztikai-adatok,FALSE,0.9,0.85,0.96,0.91
Hungary,,statisztika.mnb.hu,https://statisztika.mnb.hu/publikacios-temak/penzugyi-szamlak,FALSE,0.58,0.81,1,0.91
Hungary,,szeged.hu,https://szeged.hu/,TRUE,0.41,0.77,0.96,1
Hungary,,szeged.hu,https://szeged.hu/cikk/a-vihar-miatt-esett-ki-a-koltoladabol-kerecsensolyom-fiokat-mentettek-szegednel,FALSE,0.49,0.66,0.57,0.83
Hungary,,szentmargit.sopron.hu,https://szentmargit.sopron.hu/,TRUE,0.3,0.78,0.32,0.83
Hungary,,szentmargit.sopron.hu,https://szentmargit.sopron.hu/harangszo,FALSE,0.67,0.84,0.5,0.75
Hungary,,szombathely.hu,https://szombathely.hu/,TRUE,0.64,0.95,1,0.92
Hungary,,szombathely.hu,https://szombathely.hu/hivatal/felhivas-es-palyazat/felhivas-a-szocialis-munkaert-eletmu-dij-kituntetes-adomanyozasanak-kezdemenyezesere.4325/,FALSE,0.71,0.96,1,0.92
Hungary,,szombathely.hu,https://szombathely.hu/onkormanyzat/projektek,FALSE,0.43,0.96,1,0.92
Hungary,,szorakozz.kaposvar.hu,https://szorakozz.kaposvar.hu/,TRUE,0.33,0.86,0.96,0.92
Hungary,,szorakozz.kaposvar.hu,https://szorakozz.kaposvar.hu/esemenyek/?tribe_eventcategory%5B%5D=33,FALSE,0.34,0.91,0.82,0.92
Hungary,,tatabanya.hu,https://tatabanya.hu/,TRUE,0.46,0.93,1,0.83
Hungary,,tatabanya.hu,https://tatabanya.hu/hireink/Felhivas/3430-Ertekvedelmi-palyazat-2025,FALSE,0.71,0.9,1,0.92
Hungary,,tatabanya.hu,https://tatabanya.hu/onkormanyzat/beszerzesi-palyazatokra-felhivas,FALSE,0.54,1,1,0.92
Hungary,,terkep.kecskemet.hu,https://terkep.kecskemet.hu/,TRUE,0.57,0.73,0.82,0.9
Hungary,,terkep.police.hu,https://terkep.police.hu/,TRUE,0.9,0.95,1,0.91
Hungary,,terkep.police.hu,https://terkep.police.hu/portal/kompozicio/22,FALSE,0.33,0.92,0.82,1
Hungary,,tkm.mnb.hu,https://tkm.mnb.hu/,TRUE,0.81,0.67,1,0.8
Hungary,,tmt.debrecen.hu,https://tmt.debrecen.hu/,TRUE,0.89,0.82,0.75,0.82
Hungary,,tmt.debrecen.hu,https://tmt.debrecen.hu/bizottsagiulesek?bizottsagkod=2,FALSE,0.36,0.82,0.75,0.82
Hungary,,tmt.debrecen.hu,https://tmt.debrecen.hu/hatarozatokrendeletek,FALSE,0.86,0.68,0.74,0.82
Hungary,,toborzas.mnb.hu,https://toborzas.mnb.hu/,TRUE,0.68,0.76,0.67,0.91
Hungary,,toborzas.mnb.hu,https://toborzas.mnb.hu/allasok,FALSE,0.73,0.76,0.67,0.91
Hungary,,tukor.szeged.hu,https://tukor.szeged.hu/,TRUE,0.56,0.84,0.96,1
Hungary,,tukor.szeged.hu,https://tukor.szeged.hu/impresszum,FALSE,0.5,0.86,0.96,1
Hungary,,tukor.szeged.hu,https://tukor.szeged.hu/magazin/2025,FALSE,0.46,0.9,0.96,0.92
Hungary,,turizmus.szekesfehervar.hu,https://turizmus.szekesfehervar.hu/,TRUE,0.67,0.6,0.78,0.73
Hungary,,turizmus.szekesfehervar.hu,https://turizmus.szekesfehervar.hu/hager-ritta-via-lucis-kiallitasa,FALSE,0.54,0.73,0.71,0.82
Hungary,,turizmus.szekesfehervar.hu,https://turizmus.szekesfehervar.hu/titkos-tura2025,FALSE,0.81,0.7,0.78,0.82
Hungary,,tv.szeged.hu,https://tv.szeged.hu/,TRUE,0.45,0.77,0.96,1
Hungary,,tv.szeged.hu,https://tv.szeged.hu/cikk/nyilvanossagra-hoztak-a-kormanytagok-szja-bevallasait,FALSE,0.55,0.86,0.78,0.92
Hungary,,tv.szeged.hu,https://tv.szeged.hu/cikk/tema-hetfon,FALSE,0.21,0.8,0.75,0.92
Hungary,,tvi.kormany.hu,https://tvi.kormany.hu/,TRUE,0.56,0.59,0.56,0.83
Hungary,,tvi.kormany.hu,https://tvi.kormany.hu/allami-tamogatasok-joga,FALSE,0.66,0.56,0.56,0.83
Hungary,,tvi.kormany.hu,https://tvi.kormany.hu/tamogatas,FALSE,0.45,0.57,0.5,0.83
Hungary,,ugyfelsegito.birosag.hu,https://ugyfelsegito.birosag.hu/,TRUE,0.75,0.79,1,0.42
Hungary,,ugyfelsegito.birosag.hu,https://ugyfelsegito.birosag.hu/adatvedelmi_tajekoztato,FALSE,0.31,0.79,1,0.42
Hungary,,ugyfelsegito.birosag.hu,https://ugyfelsegito.birosag.hu/sugo,FALSE,0.74,0.77,1,0.42
Hungary,,ugyintezes.police.hu,https://ugyintezes.police.hu/,TRUE,0.4,0.81,0.75,0.85
Hungary,,ugyintezes.police.hu,https://ugyintezes.police.hu/web/guest,FALSE,0.26,0.81,0.75,0.77
Hungary,,ugyintezes.police.hu,https://ugyintezes.police.hu/web/guest/hirfolyam/-/blogs/tajekoztatas-az-elektronikus-fizetesi-es-elszamolasi-rendszer-efer-szolgaltatas-szunetelese-29?_com_liferay_blogs_web_portlet_BlogsPortlet_redirect=https%3A%2F%2Fugyintezes.police.hu%2Fweb%2Fguest%2Fhirfolyam%3Fp_p_id%3Dcom_liferay_blogs_web_portlet_BlogsPortlet%26p_p_lifecycle%3D0%26p_p_state%3Dnormal%26p_p_mode%3Dview%26_com_liferay_blogs_web_portlet_BlogsPortlet_cur%3D1%26_com_liferay_blogs_web_portlet_BlogsPortlet_delta%3D5,FALSE,0.55,0.76,0.96,0.85
Hungary,,uj.nyiregyhaza.hu,https://uj.nyiregyhaza.hu/,TRUE,0.32,0.96,0.93,0.83
Hungary,,uj.nyiregyhaza.hu,https://uj.nyiregyhaza.hu/ugyintezes/adoiroda/oenkormanyzati-adobefizetesi-szamlak,FALSE,0.43,0.96,0.96,1
Hungary,,umvp.kormany.hu,https://umvp.kormany.hu/,TRUE,0.56,0.67,0.52,0.83
Hungary,,umvp.kormany.hu,https://umvp.kormany.hu/umvp-i-tengely,FALSE,0.57,0.61,0.56,0.83
Hungary,,varos.eger.hu,https://varos.eger.hu/,TRUE,0.72,1,0.96,0.92
Hungary,,varoshaza.nyiregyhaza.hu,https://varoshaza.nyiregyhaza.hu/,TRUE,0.56,0.96,0.93,0.92
Hungary,,varoshaza.nyiregyhaza.hu,https://varoshaza.nyiregyhaza.hu/nyiregyhaza-mjv-varoshaza,FALSE,0.58,1,0.93,0.92
Hungary,,varoshaza.nyiregyhaza.hu,https://varoshaza.nyiregyhaza.hu/ugyintezes/adoiroda/oenkormanyzati-adobefizetesi-szamlak,FALSE,0.44,0.96,0.96,1
Hungary,,varoskartya.eger.hu,https://varoskartya.eger.hu/,TRUE,0.7,0.75,0.93,0.82
Hungary,,varoskartya.eger.hu,https://varoskartya.eger.hu/articles/index/elfogad%C3%B3_partner,FALSE,0.64,0.69,0.89,0.82
Hungary,,varoskartya.eger.hu,https://varoskartya.eger.hu/articles/view/kov%C3%A1cs_istv%C3%A1n_k%C3%ADs%C3%A9rleti_sz%C3%ADnpad_egyes%C3%BClet_el%C5%91ad%C3%A1sa_elfogad%C3%B3hely,FALSE,0.76,0.69,0.7,0.82
Hungary,,varosrendeszet.szombathely.hu,https://varosrendeszet.szombathely.hu/,TRUE,0.51,0.93,0.96,0.92
Hungary,,varosrendeszet.szombathely.hu,https://varosrendeszet.szombathely.hu/hu/terfigyelo-kamerak-helyszinei/,FALSE,0.53,0.96,0.96,0.92
Hungary,,vendeg.kaposvar.hu,https://vendeg.kaposvar.hu/,TRUE,0.54,0.93,1,1
Hungary,,vendeg.kaposvar.hu,https://vendeg.kaposvar.hu/hu,FALSE,0.57,0.93,1,1
Hungary,,vtr.valasztas.hu,https://vtr.valasztas.hu/,TRUE,1,0.96,1,1
Hungary,,vtr.valasztas.hu,https://vtr.valasztas.hu/onk2024?lang=hu,FALSE,0.73,0.91,1,1
Hungary,,w3.sopron.hu,http://w3.sopron.hu/,TRUE,1,0.33,0.68,0.9
Hungary,,webcam.miskolc.hu,https://webcam.miskolc.hu/,TRUE,0.82,0.6,0.89,0.82
Hungary,,webmail.nyiregyhaza.hu,https://webmail.nyiregyhaza.hu/,TRUE,0.68,0.85,1,0.58
Hungary,,www.ajbh.hu,https://www.ajbh.hu/,TRUE,0.56,0.88,0.79,0.92
Hungary,,www.ajbh.hu,https://www.ajbh.hu/-/2670755-325,FALSE,0.57,0.89,0.96,0.92
Hungary,,www.akadalymentes.police.hu,https://www.akadalymentes.police.hu/,TRUE,0.27,0.66,0.93,0.75
Hungary,,www.akadalymentes.police.hu,https://www.akadalymentes.police.hu/hu/hirek-es-informaciok/legfrissebb-hireink/delta-program/152-kilo-kokain-226-millios-vagyon-a-rendorok,FALSE,0.35,0.76,0.71,0.75
Hungary,,www.alkotmanybirosag.hu,https://www.alkotmanybirosag.hu/,TRUE,0.7,0.84,0.79,0.77
Hungary,,www.alkotmanybirosag.hu,https://www.alkotmanybirosag.hu/kozlemeny/megjelent-az-alkotmanybirosag-hatarozatai-uj-szama/,FALSE,0.7,0.81,0.78,0.69
Hungary,,www.alkotmanybirosag.hu,https://www.alkotmanybirosag.hu/kozlemeny/megujultak-az-alkotmanyjogi-panasz-inditvanymintak/,FALSE,0.41,0.81,0.79,0.69
Hungary,,www.birosag.hu,https://www.birosag.hu/,TRUE,0.65,0.85,1,0.77
Hungary,,www.birosag.hu,https://www.birosag.hu/hirek/kategoria/birosagokrol/elfogadta-az-orszaggyules-az-orszagos-birosagi-hivatal-obh-elnokenek-2022-es-2023-evi-beszamolojat,FALSE,0.79,0.83,1,0.85
Hungary,,www.bvh.budapest.hu,https://www.bvh.budapest.hu/,TRUE,0.81,0.69,0.96,0.83
Hungary,,www.bvh.budapest.hu,https://www.bvh.budapest.hu/bkm-nonprofit-zrt-fkf-eredmenyhirdetes-10t-25-felepitmenybol-szarmazo-es-technologiai-vashulladek-hak-16-01-17-es-16-01-18-ertekesitese-targyban-fv-44-hu2022,FALSE,0.88,0.71,0.96,0.83
Hungary,,www.bvh.budapest.hu,https://www.bvh.budapest.hu/tagvallalatok,FALSE,0.74,0.69,0.89,0.83
Hungary,,www.debrecen.hu,https://www.debrecen.hu/,TRUE,0.4,0.85,1,0.73
Hungary,,www.debrecen.hu,https://www.debrecen.hu/hu/debreceni/hireink/bemutattak-a-debreceni-repuloter-szomszedasagban-epitett-ibis-styles-szallodat,FALSE,0.32,0.85,0.81,0.91
Hungary,,www.debrecen.hu,https://www.debrecen.hu/hu/debreceni/kozerdeku-adatok/ginop-projektek,FALSE,0.13,0.94,0.82,0.8
Hungary,,www.doborjani.sopron.hu,http://www.doborjani.sopron.hu/,TRUE,0.63,0.51,0.79,0.82
Hungary,,www.doborjani.sopron.hu,http://www.doborjani.sopron.hu/dokumentumaink.html,FALSE,0.71,0.61,0.79,0.91
Hungary,,www.doborjani.sopron.hu,http://www.doborjani.sopron.hu/kezdolap.html,FALSE,0.41,0.51,0.76,0.82
Hungary,,www.fay.sopron.hu,https://www.fay.sopron.hu/,TRUE,0.32,0.95,0.96,0.92
Hungary,,www.fay.sopron.hu,https://www.fay.sopron.hu/hirek/technikumi-rangsor-a-fay-a-legjobbak-koezoett,FALSE,0.34,0.95,1,1
Hungary,,www.kaposvar.hu,https://www.kaposvar.hu/,TRUE,0.72,0.92,1,0.91
Hungary,,www.kaposvar.hu,https://www.kaposvar.hu/en/,FALSE,0.65,0.92,1,0.91
Hungary,,www.kozbeszerzes.hu,https://www.kozbeszerzes.hu/,TRUE,0.81,1,1,0.83
Hungary,,www.kozbeszerzes.hu,https://www.kozbeszerzes.hu/hirek/terheleses-tamadas-miatt-feljelentest-tesz-a-hatosag/,FALSE,0.84,0.97,1,0.83
Hungary,,www.kozbeszerzes.hu,https://www.kozbeszerzes.hu/hirek/uj-birosagi-dontes-muszaki-szakmai-alkalmassagi-kovetelmeny-igazolasara-bemutatott-szakember-kapcsan/,FALSE,0.83,1,1,0.8
Hungary,,www.kozlekedesihatosag.kormany.hu,https://www.kozlekedesihatosag.kormany.hu/,TRUE,0.63,0.87,1,0.85
Hungary,,www.kozlekedesihatosag.kormany.hu,https://www.kozlekedesihatosag.kormany.hu/home,FALSE,0.58,0.87,1,0.85
Hungary,,www.ksh.hu,https://www.ksh.hu/,TRUE,0.32,0.97,1,0.83
Hungary,,www.ksh.hu,https://www.ksh.hu/ksh-monitor/,FALSE,0.61,0.91,0.96,0.92
Hungary,,www.magyarorszag.hu,https://www.magyarorszag.hu/,TRUE,0.33,0.92,0.75,1
Hungary,,www.miskolc.hu,https://www.miskolc.hu/,TRUE,0.29,0.9,0.75,0.85
Hungary,,www.miskolc.hu,https://www.miskolc.hu/aktualis,FALSE,0.36,0.81,1,0.77
Hungary,,www.miskolc.hu,https://www.miskolc.hu/varoshaza/ugyintezes,FALSE,0.63,0.9,1,0.85
Hungary,,www.mnb.hu,https://www.mnb.hu/,TRUE,0.33,0.75,0.61,0.83
Hungary,,www.mnb.hu,https://www.mnb.hu/cookie,FALSE,0.69,0.78,1,0.91
Hungary,,www.mnb.hu,https://www.mnb.hu/web/legyezo-abra,FALSE,0.37,0.79,0.78,0.5
Hungary,,www.nyiregyhaza.hu,https://www.nyiregyhaza.hu/,TRUE,0.46,0.78,0.71,0.83
Hungary,,www.nyiregyhaza.hu,https://www.nyiregyhaza.hu/post/mar-hazafele-tart-kapu-tibor-az-urbol-2025-07-14,FALSE,0.32,0.71,0.7,0.83
Hungary,,www.nyiregyhaza.hu,https://www.nyiregyhaza.hu/post/napi-57-ezer-jarat-evi-14-millio-nyiregyhazi-utas-kozosen-unnepeltek-a-mav-volan-csoport-dolgozoi-2025-07-15,FALSE,0.24,0.79,0.71,0.83
Hungary,,www.parlament.hu,https://www.parlament.hu/,TRUE,0.38,0.83,0.93,0.85
Hungary,,www.parlament.hu,https://www.parlament.hu/web/guest/elnoki-koszonto,FALSE,0.4,0.84,0.96,0.85
Hungary,,www.police.hu,https://www.police.hu/,TRUE,0.58,0.68,1,0.75
Hungary,,www.police.hu,https://www.police.hu/hu/hirek-es-informaciok/legfrissebb-hireink/matrix-projekt/stromanoktol-a-menedzserig-borult-a-piramis,FALSE,0.57,0.8,0.78,0.83
Hungary,,www.reformatus.szeged.hu,http://www.reformatus.szeged.hu/,TRUE,0.81,0.75,0.71,0.92
Hungary,,www.sopron.hu,http://www.sopron.hu/,TRUE,0.54,0.5,0.75,0.91
Hungary,,www.sopron.hu,http://www.sopron.hu/Sopron/portal/autonomy_show?contentId=67395,FALSE,0.49,0.58,0.45,0.82
Hungary,,www.sopron.hu,http://www.sopron.hu/Sopron/portal/ebusiness,FALSE,0.57,0.58,0.57,0.82
Hungary,,www.szeged.hu,https://www.szeged.hu/,TRUE,0.42,0.77,0.96,1
Hungary,,www.szeged.hu,https://www.szeged.hu/cikk/radi-feriz-a-fovarosbol-iranyitja-a-szegedi-fideszt,FALSE,0.24,0.81,0.96,0.92
Hungary,,www.szeged.hu,https://www.szeged.hu/cikk/visszater-a-szabadteri-jatekok-szinpadara-a-rebecca,FALSE,0.52,0.8,0.96,0.92
Hungary,,www.szekesfehervar.hu,https://www.szekesfehervar.hu/,TRUE,0.28,0.88,0.75,0.91
Hungary,,www.szekesfehervar.hu,https://www.szekesfehervar.hu/adatvedelem,FALSE,0.28,0.9,0.75,0.91
Hungary,,www.szekesfehervar.hu,https://www.szekesfehervar.hu/polgarmesteri-koszonto,FALSE,0.54,0.88,0.74,0.82
Hungary,,www.szemere.miskolc.hu,https://www.szemere.miskolc.hu/,TRUE,0.61,0.95,0.96,0.92
Hungary,,www.szemere.miskolc.hu,https://www.szemere.miskolc.hu/kozerdeku,FALSE,0.74,0.95,1,1
Hungary,,www.szemere.miskolc.hu,https://www.szemere.miskolc.hu/p/kollegium,FALSE,0.17,0.95,1,1
Hungary,,www.szentmargit.sopron.hu,https://www.szentmargit.sopron.hu/,TRUE,0.3,0.78,0.32,0.83
Hungary,,www.szentmargit.sopron.hu,https://www.szentmargit.sopron.hu/harangszo,FALSE,0.65,0.84,0.5,0.75
Hungary,,www.tatabanya.hu,https://www.tatabanya.hu/,TRUE,0.55,0.93,1,0.83
Hungary,,www.tatabanya.hu,https://www.tatabanya.hu/onkormanyzat/beszerzesi-palyazatokra-felhivas,FALSE,0.55,1,1,0.92
Hungary,,www.valasztas.hu,https://www.valasztas.hu/,TRUE,0.7,0.8,1,0.77
Hungary,,www.valasztas.hu,https://www.valasztas.hu/sajtokozlemeny-2025/13,FALSE,0.58,0.8,1,0.85
Hungary,,zoldorszem.debrecen.hu,https://zoldorszem.debrecen.hu/,TRUE,0.48,,0.74,0.92
Hungary,,zoldorszem.debrecen.hu,https://zoldorszem.debrecen.hu/av,FALSE,0.49,0.93,0.96,0.92
Hungary,,zoldorszem.debrecen.hu,https://zoldorszem.debrecen.hu/hu/what_is_pm25,FALSE,0.62,0.9,0.96,0.92
Hungary,,zoldpenzugyek.mnb.hu,https://zoldpenzugyek.mnb.hu/,TRUE,0.38,0.87,0.75,0.82
Hungary,,zoldpenzugyek.mnb.hu,https://zoldpenzugyek.mnb.hu/felugyeleti-eszkozok/zold-ajanlasok,FALSE,0.66,0.9,0.96,0.82
Hungary,,zoldpenzugyek.mnb.hu,https://zoldpenzugyek.mnb.hu/fooldal,FALSE,0.25,0.7,0.75,0.82